Date,Currency
5-Jan-2009,6.8367
6-Jan-2009,6.8384
7-Jan-2009,6.8389
8-Jan-2009,6.8375
9-Jan-2009,6.8363
12-Jan-2009,6.8382
13-Jan-2009,6.8395
14-Jan-2009,6.8399
15-Jan-2009,6.8392
16-Jan-2009,6.8383
19-Jan-2009,6.836
20-Jan-2009,6.8385
21-Jan-2009,6.8396
22-Jan-2009,6.8373
23-Jan-2009,6.838
2-Feb-2009,6.8397
3-Feb-2009,6.8398
4-Feb-2009,6.8348
5-Feb-2009,6.836
6-Feb-2009,6.8371
9-Feb-2009,6.8346
10-Feb-2009,6.833
11-Feb-2009,6.8337
12-Feb-2009,6.8327
13-Feb-2009,6.8334
17-Feb-2009,6.8352
18-Feb-2009,6.8363
19-Feb-2009,6.8369
20-Feb-2009,6.8357
23-Feb-2009,6.8337
24-Feb-2009,6.8358
25-Feb-2009,6.8361
26-Feb-2009,6.8371
27-Feb-2009,6.8379
2-Mar-2009,6.8389
3-Mar-2009,6.8392
4-Mar-2009,6.8395
5-Mar-2009,6.8365
6-Mar-2009,6.837
9-Mar-2009,6.8355
10-Mar-2009,6.8358
11-Mar-2009,6.8347
12-Mar-2009,6.8339
13-Mar-2009,6.8334
16-Mar-2009,6.8349
17-Mar-2009,6.8327
18-Mar-2009,6.8319
19-Mar-2009,6.8301
20-Mar-2009,6.8293
23-Mar-2009,6.8304
24-Mar-2009,6.8301
25-Mar-2009,6.8328
26-Mar-2009,6.8321
27-Mar-2009,6.8317
30-Mar-2009,6.834
31-Mar-2009,6.8359
1-Apr-2009,6.8349
2-Apr-2009,6.8341
3-Apr-2009,6.832
7-Apr-2009,6.834
8-Apr-2009,6.837
9-Apr-2009,6.8358
10-Apr-2009,6.8347
13-Apr-2009,6.8332
14-Apr-2009,6.8296
15-Apr-2009,6.8293
16-Apr-2009,6.8301
17-Apr-2009,6.8311
20-Apr-2009,6.8329
21-Apr-2009,6.8342
22-Apr-2009,6.8306
23-Apr-2009,6.8295
24-Apr-2009,6.8273
27-Apr-2009,6.8253
28-Apr-2009,6.8274
29-Apr-2009,6.8265
30-Apr-2009,6.825
4-May-2009,6.8225
5-May-2009,6.8201
6-May-2009,6.8232
7-May-2009,6.823
8-May-2009,6.8221
11-May-2009,6.822
12-May-2009,6.8242
13-May-2009,6.8235
14-May-2009,6.825
15-May-2009,6.8247
18-May-2009,6.8267
19-May-2009,6.826
20-May-2009,6.8251
21-May-2009,6.8245
22-May-2009,6.8239
26-May-2009,6.8285
27-May-2009,6.8324
1-Jun-2009,6.8317
2-Jun-2009,6.8309
3-Jun-2009,6.8302
4-Jun-2009,6.8325
5-Jun-2009,6.8334
8-Jun-2009,6.8365
9-Jun-2009,6.8366
10-Jun-2009,6.8336
11-Jun-2009,6.8348
12-Jun-2009,6.8325
15-Jun-2009,6.8343
16-Jun-2009,6.8368
17-Jun-2009,6.834
18-Jun-2009,6.8321
19-Jun-2009,6.8338
22-Jun-2009,6.8328
23-Jun-2009,6.8339
24-Jun-2009,6.8316
25-Jun-2009,6.8331
26-Jun-2009,6.8328
29-Jun-2009,6.8316
30-Jun-2009,6.8319
1-Jul-2009,6.8325
2-Jul-2009,6.8309
3-Jul-2009,6.8333
6-Jul-2009,6.833
7-Jul-2009,6.8326
8-Jul-2009,6.8336
9-Jul-2009,6.8325
10-Jul-2009,6.8313
13-Jul-2009,6.832
14-Jul-2009,6.8332
15-Jul-2009,6.8328
16-Jul-2009,6.8315
17-Jul-2009,6.831
20-Jul-2009,6.8321
21-Jul-2009,6.8311
22-Jul-2009,6.8309
23-Jul-2009,6.8307
24-Jul-2009,6.8318
27-Jul-2009,6.8316
28-Jul-2009,6.831
29-Jul-2009,6.8314
30-Jul-2009,6.8335
31-Jul-2009,6.8323
3-Aug-2009,6.831
4-Aug-2009,6.8303
5-Aug-2009,6.8306
6-Aug-2009,6.8304
7-Aug-2009,6.8316
10-Aug-2009,6.8346
11-Aug-2009,6.8352
12-Aug-2009,6.8351
13-Aug-2009,6.8343
14-Aug-2009,6.8328
17-Aug-2009,6.8333
18-Aug-2009,6.8339
19-Aug-2009,6.8329
20-Aug-2009,6.8318
21-Aug-2009,6.8313
24-Aug-2009,6.8309
25-Aug-2009,6.8311
26-Aug-2009,6.8313
27-Aug-2009,6.832
28-Aug-2009,6.8309
31-Aug-2009,6.8312
1-Sep-2009,6.8308
2-Sep-2009,6.8316
3-Sep-2009,6.8307
4-Sep-2009,6.831
7-Sep-2009,6.8305
8-Sep-2009,6.83
9-Sep-2009,6.8292
10-Sep-2009,6.8288
11-Sep-2009,6.8282
14-Sep-2009,6.828
15-Sep-2009,6.8284
16-Sep-2009,6.8281
17-Sep-2009,6.8272
18-Sep-2009,6.8271
21-Sep-2009,6.828
22-Sep-2009,6.8289
23-Sep-2009,6.8271
24-Sep-2009,6.828
25-Sep-2009,6.8287
28-Sep-2009,6.8279
29-Sep-2009,6.8288
30-Sep-2009,6.829
9-Oct-2009,6.827
13-Oct-2009,6.827
14-Oct-2009,6.8269
15-Oct-2009,6.8267
16-Oct-2009,6.827
19-Oct-2009,6.8275
20-Oct-2009,6.8273
21-Oct-2009,6.8278
22-Oct-2009,6.8272
23-Oct-2009,6.8275
26-Oct-2009,6.828
27-Oct-2009,6.8284
28-Oct-2009,6.8283
29-Oct-2009,6.8285
30-Oct-2009,6.8281
2-Nov-2009,6.8282
3-Nov-2009,6.8279
4-Nov-2009,6.828
5-Nov-2009,6.8277
6-Nov-2009,6.8276
9-Nov-2009,6.8273
10-Nov-2009,6.8268
11-Nov-2009,6.8267
12-Nov-2009,6.8268
13-Nov-2009,6.8273
16-Nov-2009,6.8272
17-Nov-2009,6.8271
18-Nov-2009,6.8275
19-Nov-2009,6.8274
20-Nov-2009,6.8278
23-Nov-2009,6.8279
24-Nov-2009,6.8276
25-Nov-2009,6.8275
26-Nov-2009,6.8268
27-Nov-2009,6.8269
30-Nov-2009,6.8272
1-Dec-2009,6.827
2-Dec-2009,6.8268
3-Dec-2009,6.827
4-Dec-2009,6.8272
7-Dec-2009,6.8278
8-Dec-2009,6.8277
9-Dec-2009,6.8279
10-Dec-2009,6.8276
11-Dec-2009,6.8277
14-Dec-2009,6.8279
15-Dec-2009,6.8278
16-Dec-2009,6.828
17-Dec-2009,6.8281
18-Dec-2009,6.8284
22-Dec-2009,6.8285
23-Dec-2009,6.8287
24-Dec-2009,6.8285
28-Dec-2009,6.8282
29-Dec-2009,6.8282
30-Dec-2009,6.8283
31-Dec-2009,6.8282
4-Jan-2010,6.8281
5-Jan-2010,6.8278
6-Jan-2010,6.8277
7-Jan-2010,6.8276
8-Jan-2010,6.8279
11-Jan-2010,6.8275
12-Jan-2010,6.8274
13-Jan-2010,6.8273
14-Jan-2010,6.8272
15-Jan-2010,6.8271
19-Jan-2010,6.827
20-Jan-2010,6.8273
21-Jan-2010,6.8272
22-Jan-2010,6.8271
25-Jan-2010,6.827
26-Jan-2010,6.8269
27-Jan-2010,6.827
28-Jan-2010,6.8271
29-Jan-2010,6.827
1-Feb-2010,6.8271
2-Feb-2010,6.8271
3-Feb-2010,6.8269
4-Feb-2010,6.827
5-Feb-2010,6.8272
8-Feb-2010,6.8273
9-Feb-2010,6.8271
10-Feb-2010,6.8269
11-Feb-2010,6.827
12-Feb-2010,6.8269
22-Feb-2010,6.8271
23-Feb-2010,6.827
24-Feb-2010,6.8271
25-Feb-2010,6.827
26-Feb-2010,6.8269
1-Mar-2010,6.8267
2-Mar-2010,6.8268
3-Mar-2010,6.8266
4-Mar-2010,6.8265
5-Mar-2010,6.8266
8-Mar-2010,6.8266
9-Mar-2010,6.8265
10-Mar-2010,6.8264
11-Mar-2010,6.8263
12-Mar-2010,6.8262
15-Mar-2010,6.8261
16-Mar-2010,6.8263
17-Mar-2010,6.8262
18-Mar-2010,6.8262
19-Mar-2010,6.8263
22-Mar-2010,6.8264
23-Mar-2010,6.8263
24-Mar-2010,6.8264
25-Mar-2010,6.8266
26-Mar-2010,6.8268
29-Mar-2010,6.8266
30-Mar-2010,6.8264
31-Mar-2010,6.8263
1-Apr-2010,6.8261
2-Apr-2010,6.826
6-Apr-2010,6.826
7-Apr-2010,6.8259
8-Apr-2010,6.8259
9-Apr-2010,6.826
12-Apr-2010,6.8259
13-Apr-2010,6.826
14-Apr-2010,6.8261
15-Apr-2010,6.826
16-Apr-2010,6.8261
19-Apr-2010,6.8262
20-Apr-2010,6.8263
21-Apr-2010,6.8264
22-Apr-2010,6.8263
23-Apr-2010,6.8264
26-Apr-2010,6.8263
27-Apr-2010,6.8262
28-Apr-2010,6.8264
29-Apr-2010,6.8265
30-Apr-2010,6.8263
4-May-2010,6.8265
5-May-2010,6.8267
6-May-2010,6.8269
7-May-2010,6.8271
10-May-2010,6.8269
11-May-2010,6.827
12-May-2010,6.8271
13-May-2010,6.8272
14-May-2010,6.8273
17-May-2010,6.8275
18-May-2010,6.8276
19-May-2010,6.8278
20-May-2010,6.8277
21-May-2010,6.8276
24-May-2010,6.8277
25-May-2010,6.8279
26-May-2010,6.828
27-May-2010,6.8281
28-May-2010,6.8279
1-Jun-2010,6.8279
2-Jun-2010,6.8281
3-Jun-2010,6.828
4-Jun-2010,6.8281
7-Jun-2010,6.8283
8-Jun-2010,6.8284
9-Jun-2010,6.8282
10-Jun-2010,6.8281
11-Jun-2010,6.8279
17-Jun-2010,6.8277
18-Jun-2010,6.8275
21-Jun-2010,6.8275
22-Jun-2010,6.798
23-Jun-2010,6.8102
24-Jun-2010,6.81
25-Jun-2010,6.7896
28-Jun-2010,6.789
29-Jun-2010,6.7901
30-Jun-2010,6.7909
1-Jul-2010,6.7858
2-Jul-2010,6.772
6-Jul-2010,6.779
7-Jul-2010,6.7781
8-Jul-2010,6.7768
9-Jul-2010,6.7753
12-Jul-2010,6.7718
13-Jul-2010,6.7802
14-Jul-2010,6.7755
15-Jul-2010,6.7741
16-Jul-2010,6.7718
19-Jul-2010,6.78
20-Jul-2010,6.7812
21-Jul-2010,6.7802
22-Jul-2010,6.7859
23-Jul-2010,6.779
26-Jul-2010,6.7778
27-Jul-2010,6.7742
28-Jul-2010,6.7785
29-Jul-2010,6.7787
30-Jul-2010,6.775
2-Aug-2010,6.7742
3-Aug-2010,6.7722
4-Aug-2010,6.7715
5-Aug-2010,6.7783
6-Aug-2010,6.773
9-Aug-2010,6.7685
10-Aug-2010,6.7745
11-Aug-2010,6.7768
12-Aug-2010,6.8015
13-Aug-2010,6.8035
16-Aug-2010,6.8064
17-Aug-2010,6.7979
18-Aug-2010,6.7895
19-Aug-2010,6.7898
20-Aug-2010,6.7884
23-Aug-2010,6.7989
24-Aug-2010,6.7999
25-Aug-2010,6.8007
26-Aug-2010,6.8041
27-Aug-2010,6.8001
30-Aug-2010,6.8025
31-Aug-2010,6.8105
1-Sep-2010,6.8126
2-Sep-2010,6.8003
3-Sep-2010,6.7973
8-Sep-2010,6.7907
9-Sep-2010,6.7817
10-Sep-2010,6.7625
13-Sep-2010,6.7509
14-Sep-2010,6.7378
15-Sep-2010,6.725
16-Sep-2010,6.7181
17-Sep-2010,6.7172
20-Sep-2010,6.711
21-Sep-2010,6.6997
27-Sep-2010,6.7098
28-Sep-2010,6.7051
29-Sep-2010,6.6936
30-Sep-2010,6.7011
8-Oct-2010,6.683
12-Oct-2010,6.6775
13-Oct-2010,6.6693
14-Oct-2010,6.6582
15-Oct-2010,6.6497
18-Oct-2010,6.6541
19-Oct-2010,6.6553
20-Oct-2010,6.6754
21-Oct-2010,6.6695
22-Oct-2010,6.6759
25-Oct-2010,6.6729
26-Oct-2010,6.6762
27-Oct-2010,6.6912
28-Oct-2010,6.6986
29-Oct-2010,6.6908
1-Nov-2010,6.6886
2-Nov-2010,6.6925
3-Nov-2010,6.6818
4-Nov-2010,6.6708
5-Nov-2010,6.661
8-Nov-2010,6.6692
9-Nov-2010,6.658
10-Nov-2010,6.645
11-Nov-2010,6.6242
12-Nov-2010,6.6239
15-Nov-2010,6.6303
16-Nov-2010,6.6441
17-Nov-2010,6.649
18-Nov-2010,6.6455
19-Nov-2010,6.6408
22-Nov-2010,6.6389
23-Nov-2010,6.6469
24-Nov-2010,6.6589
29-Nov-2010,6.67
30-Nov-2010,6.6762
1-Dec-2010,6.6786
2-Dec-2010,6.6691
3-Dec-2010,6.6605
6-Dec-2010,6.6515
7-Dec-2010,6.6565
8-Dec-2010,6.6616
9-Dec-2010,6.6654
10-Dec-2010,6.6604
13-Dec-2010,6.663
14-Dec-2010,6.6531
15-Dec-2010,6.6566
16-Dec-2010,6.6635
17-Dec-2010,6.6593
20-Dec-2010,6.6623
21-Dec-2010,6.6597
22-Dec-2010,6.6548
23-Dec-2010,6.6466
27-Dec-2010,6.6305
28-Dec-2010,6.6252
29-Dec-2010,6.6247
30-Dec-2010,6.6229
4-Jan-2011,6.6215
5-Jan-2011,6.6295
6-Jan-2011,6.6322
7-Jan-2011,6.6341
10-Jan-2011,6.6349
11-Jan-2011,6.6216
12-Jan-2011,6.6128
13-Jan-2011,6.5997
14-Jan-2011,6.5896
18-Jan-2011,6.5891
19-Jan-2011,6.5885
20-Jan-2011,6.5883
21-Jan-2011,6.5886
24-Jan-2011,6.5883
25-Jan-2011,6.5881
26-Jan-2011,6.5878
27-Jan-2011,6.5876
28-Jan-2011,6.593
31-Jan-2011,6.5891
1-Feb-2011,6.586
9-Feb-2011,6.585
10-Feb-2011,6.5849
11-Feb-2011,6.5952
14-Feb-2011,6.5985
15-Feb-2011,6.5929
16-Feb-2011,6.5855
17-Feb-2011,6.58
18-Feb-2011,6.5781
22-Feb-2011,6.5772
23-Feb-2011,6.5828
24-Feb-2011,6.5795
25-Feb-2011,6.5757
28-Feb-2011,6.5752
1-Mar-2011,6.5706
2-Mar-2011,6.5736
3-Mar-2011,6.5695
4-Mar-2011,6.5671
7-Mar-2011,6.5651
8-Mar-2011,6.5687
9-Mar-2011,6.5748
10-Mar-2011,6.5713
11-Mar-2011,6.575
14-Mar-2011,6.5701
15-Mar-2011,6.5679
16-Mar-2011,6.5718
17-Mar-2011,6.569
18-Mar-2011,6.5668
21-Mar-2011,6.5632
22-Mar-2011,6.5592
23-Mar-2011,6.5601
24-Mar-2011,6.5625
25-Mar-2011,6.558
28-Mar-2011,6.5618
29-Mar-2011,6.5625
30-Mar-2011,6.5586
31-Mar-2011,6.5564
1-Apr-2011,6.5527
6-Apr-2011,6.5496
7-Apr-2011,6.5456
8-Apr-2011,6.542
11-Apr-2011,6.5401
12-Apr-2011,6.544
13-Apr-2011,6.5369
14-Apr-2011,6.5339
18-Apr-2011,6.531
19-Apr-2011,6.5346
20-Apr-2011,6.5294
21-Apr-2011,6.5228
22-Apr-2011,6.5156
25-Apr-2011,6.5161
26-Apr-2011,6.5173
27-Apr-2011,6.5096
28-Apr-2011,6.5051
29-Apr-2011,6.499
3-May-2011,6.5002
4-May-2011,6.5013
5-May-2011,6.5025
6-May-2011,6.5003
9-May-2011,6.4988
10-May-2011,6.495
11-May-2011,6.4948
12-May-2011,6.5005
13-May-2011,6.5017
16-May-2011,6.5089
17-May-2011,6.5108
18-May-2011,6.5074
19-May-2011,6.5048
20-May-2011,6.4983
23-May-2011,6.4998
24-May-2011,6.5038
25-May-2011,6.4949
26-May-2011,6.4921
27-May-2011,6.4898
31-May-2011,6.4845
1-Jun-2011,6.4837
2-Jun-2011,6.4886
3-Jun-2011,6.4846
7-Jun-2011,6.4816
8-Jun-2011,6.4795
9-Jun-2011,6.483
10-Jun-2011,6.4853
13-Jun-2011,6.4892
14-Jun-2011,6.4822
15-Jun-2011,6.4796
16-Jun-2011,6.4803
17-Jun-2011,6.4716
20-Jun-2011,6.4696
21-Jun-2011,6.469
22-Jun-2011,6.4683
23-Jun-2011,6.4736
24-Jun-2011,6.4742
27-Jun-2011,6.475
28-Jun-2011,6.4723
29-Jun-2011,6.4718
30-Jun-2011,6.4716
1-Jul-2011,6.4685
5-Jul-2011,6.465
6-Jul-2011,6.4715
7-Jul-2011,6.4732
8-Jul-2011,6.4705
11-Jul-2011,6.4709
12-Jul-2011,6.4748
13-Jul-2011,6.4728
14-Jul-2011,6.464
15-Jul-2011,6.4665
18-Jul-2011,6.468
19-Jul-2011,6.4684
20-Jul-2011,6.4592
21-Jul-2011,6.4536
22-Jul-2011,6.4495
25-Jul-2011,6.4503
26-Jul-2011,6.447
27-Jul-2011,6.4426
28-Jul-2011,6.4438
29-Jul-2011,6.4442
1-Aug-2011,6.4399
2-Aug-2011,6.4419
4-Aug-2011,6.4386
5-Aug-2011,6.4451
8-Aug-2011,6.4305
9-Aug-2011,6.4335
10-Aug-2011,6.4167
11-Aug-2011,6.3991
12-Aug-2011,6.3972
15-Aug-2011,6.395
16-Aug-2011,6.3925
17-Aug-2011,6.3996
18-Aug-2011,6.3942
19-Aug-2011,6.4032
22-Aug-2011,6.3997
23-Aug-2011,6.3987
24-Aug-2011,6.3896
25-Aug-2011,6.3936
26-Aug-2011,6.395
29-Aug-2011,6.3883
30-Aug-2011,6.3849
31-Aug-2011,6.3867
1-Sep-2011,6.3859
2-Sep-2011,6.3896
6-Sep-2011,6.3946
7-Sep-2011,6.3968
8-Sep-2011,6.3889
9-Sep-2011,6.3922
13-Sep-2011,6.3982
14-Sep-2011,6.3945
15-Sep-2011,6.3878
16-Sep-2011,6.3797
19-Sep-2011,6.3848
20-Sep-2011,6.388
21-Sep-2011,6.3772
22-Sep-2011,6.3808
23-Sep-2011,6.384
26-Sep-2011,6.3735
27-Sep-2011,6.376
28-Sep-2011,6.3623
29-Sep-2011,6.3665
30-Sep-2011,6.3549
11-Oct-2011,6.3483
12-Oct-2011,6.3598
13-Oct-2011,6.3737
14-Oct-2011,6.3762
17-Oct-2011,6.371
18-Oct-2011,6.3749
19-Oct-2011,6.3727
20-Oct-2011,6.3652
21-Oct-2011,6.3628
24-Oct-2011,6.3549
25-Oct-2011,6.3425
26-Oct-2011,6.3456
27-Oct-2011,6.3477
28-Oct-2011,6.329
31-Oct-2011,6.3233
1-Nov-2011,6.3293
2-Nov-2011,6.3297
3-Nov-2011,6.3198
4-Nov-2011,6.3165
7-Nov-2011,6.3212
8-Nov-2011,6.3247
9-Nov-2011,6.3207
10-Nov-2011,6.3329
11-Nov-2011,6.3317
14-Nov-2011,6.3301
15-Nov-2011,6.3436
16-Nov-2011,6.3509
17-Nov-2011,6.3553
18-Nov-2011,6.3548
21-Nov-2011,6.3522
22-Nov-2011,6.3555
23-Nov-2011,6.3498
28-Nov-2011,6.3585
29-Nov-2011,6.3587
30-Nov-2011,6.3482
1-Dec-2011,6.3353
2-Dec-2011,6.331
5-Dec-2011,6.3349
6-Dec-2011,6.3334
7-Dec-2011,6.3342
8-Dec-2011,6.3319
9-Dec-2011,6.3352
12-Dec-2011,6.3297
13-Dec-2011,6.3359
14-Dec-2011,6.3396
15-Dec-2011,6.3421
16-Dec-2011,6.3352
19-Dec-2011,6.3303
20-Dec-2011,6.3351
21-Dec-2011,6.3248
22-Dec-2011,6.3253
23-Dec-2011,6.3209
27-Dec-2011,6.3152
28-Dec-2011,6.3146
29-Dec-2011,6.3157
30-Dec-2011,6.3009
4-Jan-2012,6.3001
5-Jan-2012,6.3115
6-Jan-2012,6.3166
9-Jan-2012,6.3236
10-Jan-2012,6.3171
11-Jan-2012,6.3155
12-Jan-2012,6.323
13-Jan-2012,6.3201
17-Jan-2012,6.325
18-Jan-2012,6.3205
19-Jan-2012,6.3173
20-Jan-2012,6.3138
30-Jan-2012,6.3056
31-Jan-2012,6.3115
1-Feb-2012,6.3103
2-Feb-2012,6.3075
3-Feb-2012,6.3102
6-Feb-2012,6.3108
7-Feb-2012,6.3116
8-Feb-2012,6.3027
9-Feb-2012,6.3009
10-Feb-2012,6.2937
13-Feb-2012,6.2939
14-Feb-2012,6.2947
15-Feb-2012,6.2958
16-Feb-2012,6.2991
17-Feb-2012,6.2951
21-Feb-2012,6.296
22-Feb-2012,6.2988
23-Feb-2012,6.3031
24-Feb-2012,6.2965
27-Feb-2012,6.2985
28-Feb-2012,6.2961
29-Feb-2012,6.2919
1-Mar-2012,6.3016
2-Mar-2012,6.298
5-Mar-2012,6.3121
6-Mar-2012,6.3141
7-Mar-2012,6.3213
8-Mar-2012,6.3235
9-Mar-2012,6.3073
12-Mar-2012,6.3282
13-Mar-2012,6.3259
14-Mar-2012,6.3328
15-Mar-2012,6.3359
16-Mar-2012,6.32
19-Mar-2012,6.3082
20-Mar-2012,6.3029
21-Mar-2012,6.3092
22-Mar-2012,6.3004
23-Mar-2012,6.2891
26-Mar-2012,6.2858
27-Mar-2012,6.284
28-Mar-2012,6.2912
29-Mar-2012,6.2932
30-Mar-2012,6.2943
5-Apr-2012,6.3035
6-Apr-2012,6.3072
9-Apr-2012,6.3021
10-Apr-2012,6.3048
11-Apr-2012,6.3018
12-Apr-2012,6.2984
13-Apr-2012,6.2879
16-Apr-2012,6.296
17-Apr-2012,6.2896
18-Apr-2012,6.2948
19-Apr-2012,6.3004
20-Apr-2012,6.3042
23-Apr-2012,6.297
24-Apr-2012,6.3003
25-Apr-2012,6.2923
26-Apr-2012,6.2829
27-Apr-2012,6.2787
2-May-2012,6.267
3-May-2012,6.2697
4-May-2012,6.2721
7-May-2012,6.2858
8-May-2012,6.2804
9-May-2012,6.2865
10-May-2012,6.2941
11-May-2012,6.2952
14-May-2012,6.304
15-May-2012,6.311
16-May-2012,6.3205
17-May-2012,6.3233
18-May-2012,6.3209
21-May-2012,6.3116
22-May-2012,6.3077
23-May-2012,6.3208
24-May-2012,6.3247
25-May-2012,6.326
29-May-2012,6.3262
30-May-2012,6.3297
31-May-2012,6.3355
1-Jun-2012,6.3308
4-Jun-2012,6.3276
5-Jun-2012,6.3225
6-Jun-2012,6.3261
7-Jun-2012,6.317
8-Jun-2012,6.3188
11-Jun-2012,6.3169
12-Jun-2012,6.3292
13-Jun-2012,6.3271
14-Jun-2012,6.3191
15-Jun-2012,6.3089
18-Jun-2012,6.3005
19-Jun-2012,6.3016
20-Jun-2012,6.3004
21-Jun-2012,6.304
25-Jun-2012,6.323
26-Jun-2012,6.3211
27-Jun-2012,6.3173
28-Jun-2012,6.319
29-Jun-2012,6.3249
2-Jul-2012,6.3146
3-Jul-2012,6.3178
5-Jul-2012,6.3193
6-Jul-2012,6.3249
9-Jul-2012,6.3293
10-Jul-2012,6.3195
11-Jul-2012,6.3209
12-Jul-2012,6.3215
13-Jul-2012,6.3247
16-Jul-2012,6.3208
17-Jul-2012,6.3167
18-Jul-2012,6.314
19-Jul-2012,6.3126
20-Jul-2012,6.3112
23-Jul-2012,6.327
24-Jul-2012,6.3339
25-Jul-2012,6.3429
26-Jul-2012,6.3381
27-Jul-2012,6.3325
30-Jul-2012,6.3303
31-Jul-2012,6.332
1-Aug-2012,6.3305
2-Aug-2012,6.3392
3-Aug-2012,6.3421
6-Aug-2012,6.3353
7-Aug-2012,6.3332
8-Aug-2012,6.3378
9-Aug-2012,6.3387
10-Aug-2012,6.3447
13-Aug-2012,6.3456
14-Aug-2012,6.3443
15-Aug-2012,6.3482
16-Aug-2012,6.3495
17-Aug-2012,6.3449
20-Aug-2012,6.3478
21-Aug-2012,6.3418
22-Aug-2012,6.3348
23-Aug-2012,6.3316
24-Aug-2012,6.3305
27-Aug-2012,6.3392
28-Aug-2012,6.3411
29-Aug-2012,6.3391
30-Aug-2012,6.3435
31-Aug-2012,6.3449
4-Sep-2012,6.3402
5-Sep-2012,6.346
6-Sep-2012,6.3439
7-Sep-2012,6.3412
10-Sep-2012,6.3375
11-Sep-2012,6.3391
12-Sep-2012,6.3355
13-Sep-2012,6.3338
14-Sep-2012,6.3317
17-Sep-2012,6.3295
18-Sep-2012,6.3353
19-Sep-2012,6.3392
20-Sep-2012,6.338
21-Sep-2012,6.3426
24-Sep-2012,6.3411
25-Sep-2012,6.343
26-Sep-2012,6.3443
27-Sep-2012,6.3459
28-Sep-2012,6.341
9-Oct-2012,6.3441
10-Oct-2012,6.3449
11-Oct-2012,6.3391
12-Oct-2012,6.3264
15-Oct-2012,6.3112
16-Oct-2012,6.3106
17-Oct-2012,6.3028
18-Oct-2012,6.3021
19-Oct-2012,6.3052
22-Oct-2012,6.3071
23-Oct-2012,6.3078
24-Oct-2012,6.3081
25-Oct-2012,6.3047
26-Oct-2012,6.301
31-Oct-2012,6.3002
1-Nov-2012,6.3017
2-Nov-2012,6.3045
5-Nov-2012,6.3082
6-Nov-2012,6.3078
7-Nov-2012,6.3067
8-Nov-2012,6.306
9-Nov-2012,6.3012
12-Nov-2012,6.292
13-Nov-2012,6.2891
14-Nov-2012,6.2881
15-Nov-2012,6.2905
16-Nov-2012,6.2945
19-Nov-2012,6.2975
20-Nov-2012,6.2926
21-Nov-2012,6.2908
26-Nov-2012,6.2884
27-Nov-2012,6.2852
28-Nov-2012,6.2902
29-Nov-2012,6.291
30-Nov-2012,6.2892
3-Dec-2012,6.2908
4-Dec-2012,6.2885
5-Dec-2012,6.2871
6-Dec-2012,6.2911
7-Dec-2012,6.293
10-Dec-2012,6.2922
11-Dec-2012,6.2906
12-Dec-2012,6.2883
13-Dec-2012,6.2887
14-Dec-2012,6.2923
17-Dec-2012,6.2892
18-Dec-2012,6.288
19-Dec-2012,6.2865
20-Dec-2012,6.2877
21-Dec-2012,6.2881
26-Dec-2012,6.2943
27-Dec-2012,6.2949
28-Dec-2012,6.2896
4-Jan-2013,6.2897
7-Jan-2013,6.2872
8-Jan-2013,6.2804
9-Jan-2013,6.2814
10-Jan-2013,6.2793
11-Jan-2013,6.2712
14-Jan-2013,6.2695
15-Jan-2013,6.2691
16-Jan-2013,6.2745
17-Jan-2013,6.2767
18-Jan-2013,6.2752
22-Jan-2013,6.2796
23-Jan-2013,6.2762
24-Jan-2013,6.2783
25-Jan-2013,6.2805
28-Jan-2013,6.2818
29-Jan-2013,6.2851
30-Jan-2013,6.2806
31-Jan-2013,6.2795
1-Feb-2013,6.2819
4-Feb-2013,6.286
5-Feb-2013,6.285
6-Feb-2013,6.2881
7-Feb-2013,6.2898
8-Feb-2013,6.2793
19-Feb-2013,6.2821
20-Feb-2013,6.2804
21-Feb-2013,6.2846
22-Feb-2013,6.2871
25-Feb-2013,6.2892
26-Feb-2013,6.2856
27-Feb-2013,6.2842
28-Feb-2013,6.2779
1-Mar-2013,6.2798
4-Mar-2013,6.2822
5-Mar-2013,6.2797
7-Mar-2013,6.2785
8-Mar-2013,6.2719
11-Mar-2013,6.2769
12-Mar-2013,6.2746
13-Mar-2013,6.2726
14-Mar-2013,6.2752
15-Mar-2013,6.2723
18-Mar-2013,6.2741
19-Mar-2013,6.2758
20-Mar-2013,6.2716
21-Mar-2013,6.2731
22-Mar-2013,6.2711
25-Mar-2013,6.2692
26-Mar-2013,6.2715
27-Mar-2013,6.2727
28-Mar-2013,6.2742
29-Mar-2013,6.2689
1-Apr-2013,6.2674
2-Apr-2013,6.2586
3-Apr-2013,6.2609
8-Apr-2013,6.265
9-Apr-2013,6.2639
10-Apr-2013,6.2548
11-Apr-2013,6.2578
12-Apr-2013,6.2506
15-Apr-2013,6.2454
16-Apr-2013,6.2408
17-Apr-2013,6.2342
18-Apr-2013,6.2416
19-Apr-2013,6.2395
22-Apr-2013,6.2415
23-Apr-2013,6.236
24-Apr-2013,6.2384
25-Apr-2013,6.23
26-Apr-2013,6.2208
2-May-2013,6.2082
3-May-2013,6.2152
6-May-2013,6.2114
7-May-2013,6.2083
8-May-2013,6.198
9-May-2013,6.1925
10-May-2013,6.2016
13-May-2013,6.2072
14-May-2013,6.2035
15-May-2013,6.207
16-May-2013,6.2096
17-May-2013,6.1997
20-May-2013,6.1998
21-May-2013,6.1911
22-May-2013,6.1904
23-May-2013,6.1947
24-May-2013,6.1867
28-May-2013,6.1818
29-May-2013,6.1856
30-May-2013,6.182
31-May-2013,6.1796
3-Jun-2013,6.1806
4-Jun-2013,6.1735
5-Jun-2013,6.1757
6-Jun-2013,6.1737
7-Jun-2013,6.162
13-Jun-2013,6.1612
14-Jun-2013,6.1607
17-Jun-2013,6.1598
18-Jun-2013,6.1651
19-Jun-2013,6.1677
20-Jun-2013,6.1698
21-Jun-2013,6.1766
24-Jun-2013,6.1807
25-Jun-2013,6.1767
26-Jun-2013,6.1779
27-Jun-2013,6.1797
28-Jun-2013,6.1787
1-Jul-2013,6.1805
2-Jul-2013,6.1773
3-Jul-2013,6.1803
8-Jul-2013,6.1807
9-Jul-2013,6.173
10-Jul-2013,6.1652
11-Jul-2013,6.1599
12-Jul-2013,6.1631
15-Jul-2013,6.1663
16-Jul-2013,6.1692
17-Jul-2013,6.1652
18-Jul-2013,6.172
19-Jul-2013,6.1751
22-Jul-2013,6.1721
23-Jul-2013,6.1702
24-Jul-2013,6.1695
25-Jul-2013,6.1759
26-Jul-2013,6.172
29-Jul-2013,6.1705
30-Jul-2013,6.177
31-Jul-2013,6.1788
1-Aug-2013,6.1778
2-Aug-2013,6.1817
5-Aug-2013,6.1767
6-Aug-2013,6.1753
7-Aug-2013,6.1726
8-Aug-2013,6.1703
9-Aug-2013,6.1668
12-Aug-2013,6.1665
13-Aug-2013,6.1705
14-Aug-2013,6.172
15-Aug-2013,6.1696
16-Aug-2013,6.1666
19-Aug-2013,6.169
20-Aug-2013,6.1697
21-Aug-2013,6.1675
22-Aug-2013,6.1698
23-Aug-2013,6.171
26-Aug-2013,6.168
27-Aug-2013,6.1688
28-Aug-2013,6.1667
29-Aug-2013,6.169
30-Aug-2013,6.1709
3-Sep-2013,6.1718
4-Sep-2013,6.1729
5-Sep-2013,6.1696
6-Sep-2013,6.1728
9-Sep-2013,6.1642
10-Sep-2013,6.1612
11-Sep-2013,6.1601
12-Sep-2013,6.1575
13-Sep-2013,6.1578
16-Sep-2013,6.1554
17-Sep-2013,6.1571
18-Sep-2013,6.1557
23-Sep-2013,6.1475
24-Sep-2013,6.1485
25-Sep-2013,6.1497
26-Sep-2013,6.1477
27-Sep-2013,6.1495
30-Sep-2013,6.148
2-Oct-2013,6.148
3-Oct-2013,6.148
4-Oct-2013,6.148
8-Oct-2013,6.1415
9-Oct-2013,6.143
10-Oct-2013,6.1452
11-Oct-2013,6.1458
15-Oct-2013,6.1412
16-Oct-2013,6.1408
17-Oct-2013,6.1431
18-Oct-2013,6.1372
21-Oct-2013,6.1352
22-Oct-2013,6.1395
23-Oct-2013,6.133
24-Oct-2013,6.1335
25-Oct-2013,6.1333
28-Oct-2013,6.1336
29-Oct-2013,6.1373
30-Oct-2013,6.1412
31-Oct-2013,6.1425
1-Nov-2013,6.1452
4-Nov-2013,6.1482
5-Nov-2013,6.1447
6-Nov-2013,6.1475
7-Nov-2013,6.145
8-Nov-2013,6.1355
11-Nov-2013,6.139
12-Nov-2013,6.136
13-Nov-2013,6.1342
14-Nov-2013,6.1315
15-Nov-2013,6.1351
18-Nov-2013,6.1332
19-Nov-2013,6.1317
20-Nov-2013,6.1305
21-Nov-2013,6.1366
22-Nov-2013,6.138
25-Nov-2013,6.1342
26-Nov-2013,6.1357
27-Nov-2013,6.133
2-Dec-2013,6.1329
3-Dec-2013,6.1352
4-Dec-2013,6.13
5-Dec-2013,6.131
6-Dec-2013,6.1232
9-Dec-2013,6.113
11-Dec-2013,6.11
12-Dec-2013,6.1115
13-Dec-2013,6.1148
16-Dec-2013,6.1124
17-Dec-2013,6.1108
18-Dec-2013,6.1105
19-Dec-2013,6.1183
20-Dec-2013,6.1196
23-Dec-2013,6.1161
24-Dec-2013,6.1145
26-Dec-2013,6.1156
27-Dec-2013,6.105
30-Dec-2013,6.1024
2-Jan-2014,6.099
3-Jan-2014,6.1039
6-Jan-2014,6.1059
7-Jan-2014,6.1042
8-Jan-2014,6.1079
9-Jan-2014,6.1109
10-Jan-2014,6.1008
13-Jan-2014,6.095
14-Jan-2014,6.093
15-Jan-2014,6.1005
16-Jan-2014,6.1065
17-Jan-2014,6.1041
22-Jan-2014,6.1087
23-Jan-2014,6.1107
24-Jan-2014,6.1035
27-Jan-2014,6.1022
28-Jan-2014,6.1053
29-Jan-2014,6.1073
30-Jan-2014,6.105
7-Feb-2014,6.1089
10-Feb-2014,6.1083
11-Feb-2014,6.1069
12-Feb-2014,6.1078
13-Feb-2014,6.11
14-Feb-2014,6.107
18-Feb-2014,6.1073
19-Feb-2014,6.1103
20-Feb-2014,6.1146
21-Feb-2014,6.1176
24-Feb-2014,6.1189
25-Feb-2014,6.1184
26-Feb-2014,6.1192
27-Feb-2014,6.1224
28-Feb-2014,6.1214
4-Mar-2014,6.1236
5-Mar-2014,6.1257
6-Mar-2014,6.1249
7-Mar-2014,6.1201
10-Mar-2014,6.1312
11-Mar-2014,6.1327
12-Mar-2014,6.1343
13-Mar-2014,6.132
14-Mar-2014,6.1346
18-Mar-2014,6.1341
19-Mar-2014,6.1351
20-Mar-2014,6.146
21-Mar-2014,6.1475
24-Mar-2014,6.1452
25-Mar-2014,6.1426
26-Mar-2014,6.144
27-Mar-2014,6.1465
28-Mar-2014,6.149
31-Mar-2014,6.1521
1-Apr-2014,6.1503
2-Apr-2014,6.1493
3-Apr-2014,6.152
4-Apr-2014,6.1557
8-Apr-2014,6.1527
9-Apr-2014,6.149
10-Apr-2014,6.151
11-Apr-2014,6.1495
14-Apr-2014,6.1531
15-Apr-2014,6.1571
16-Apr-2014,6.1589
17-Apr-2014,6.1575
18-Apr-2014,6.1586
22-Apr-2014,6.161
23-Apr-2014,6.1599
24-Apr-2014,6.1589
25-Apr-2014,6.1576
28-Apr-2014,6.1565
29-Apr-2014,6.1556
30-Apr-2014,6.158
5-May-2014,6.156
6-May-2014,6.1565
7-May-2014,6.1542
8-May-2014,6.1557
9-May-2014,6.1581
12-May-2014,6.1625
13-May-2014,6.1636
14-May-2014,6.1653
15-May-2014,6.164
16-May-2014,6.1628
19-May-2014,6.1636
20-May-2014,6.1626
21-May-2014,6.1645
22-May-2014,6.1658
23-May-2014,6.1681
27-May-2014,6.1687
28-May-2014,6.1694
29-May-2014,6.1705
30-May-2014,6.1695
2-Jun-2014,6.1695
3-Jun-2014,6.171
4-Jun-2014,6.1693
5-Jun-2014,6.1708
6-Jun-2014,6.1623
9-Jun-2014,6.1485
10-Jun-2014,6.1451
11-Jun-2014,6.1506
12-Jun-2014,6.1516
13-Jun-2014,6.1503
16-Jun-2014,6.1537
17-Jun-2014,6.1529
18-Jun-2014,6.1559
19-Jun-2014,6.1531
20-Jun-2014,6.1524
23-Jun-2014,6.1557
24-Jun-2014,6.1545
25-Jun-2014,6.1555
26-Jun-2014,6.1538
27-Jun-2014,6.1543
30-Jun-2014,6.1528
1-Jul-2014,6.1523
2-Jul-2014,6.1549
3-Jul-2014,6.1581
7-Jul-2014,6.1658
8-Jul-2014,6.1626
9-Jul-2014,6.1565
10-Jul-2014,6.1443
11-Jul-2014,6.1469
14-Jul-2014,6.1485
15-Jul-2014,6.149
16-Jul-2014,6.1535
17-Jul-2014,6.1564
18-Jul-2014,6.1568
21-Jul-2014,6.1547
22-Jul-2014,6.1544
23-Jul-2014,6.1572
24-Jul-2014,6.1579
25-Jul-2014,6.1597
28-Jul-2014,6.1622
29-Jul-2014,6.1615
30-Jul-2014,6.1645
31-Jul-2014,6.1675
1-Aug-2014,6.1681
4-Aug-2014,6.1661
5-Aug-2014,6.1655
6-Aug-2014,6.1681
7-Aug-2014,6.167
8-Aug-2014,6.1562
11-Aug-2014,6.1522
12-Aug-2014,6.1517
13-Aug-2014,6.1533
14-Aug-2014,6.1545
15-Aug-2014,6.1538
18-Aug-2014,6.1528
19-Aug-2014,6.1548
20-Aug-2014,6.158
21-Aug-2014,6.1632
22-Aug-2014,6.1617
25-Aug-2014,6.1653
26-Aug-2014,6.1663
27-Aug-2014,6.1658
28-Aug-2014,6.1638
29-Aug-2014,6.1647
2-Sep-2014,6.1684
3-Sep-2014,6.1697
4-Sep-2014,6.1666
5-Sep-2014,6.1707
9-Sep-2014,6.152
10-Sep-2014,6.1425
11-Sep-2014,6.1453
12-Sep-2014,6.1468
15-Sep-2014,6.1452
16-Sep-2014,6.1462
17-Sep-2014,6.145
18-Sep-2014,6.149
19-Sep-2014,6.1455
22-Sep-2014,6.1485
23-Sep-2014,6.147
24-Sep-2014,6.1462
25-Sep-2014,6.1497
26-Sep-2014,6.1508
29-Sep-2014,6.1539
30-Sep-2014,6.1525
8-Oct-2014,6.1493
9-Oct-2014,6.1461
10-Oct-2014,6.147
14-Oct-2014,6.1408
15-Oct-2014,6.1455
16-Oct-2014,6.1395
17-Oct-2014,6.1407
20-Oct-2014,6.1435
21-Oct-2014,6.141
22-Oct-2014,6.1437
23-Oct-2014,6.1459
24-Oct-2014,6.1467
27-Oct-2014,6.1446
28-Oct-2014,6.1421
29-Oct-2014,6.1405
30-Oct-2014,6.1457
31-Oct-2014,6.1461
3-Nov-2014,6.1525
4-Nov-2014,6.1543
5-Nov-2014,6.1503
6-Nov-2014,6.1565
7-Nov-2014,6.1602
10-Nov-2014,6.1377
11-Nov-2014,6.1413
12-Nov-2014,6.1428
13-Nov-2014,6.1418
14-Nov-2014,6.1399
17-Nov-2014,6.1409
18-Nov-2014,6.143
19-Nov-2014,6.1397
20-Nov-2014,6.1417
21-Nov-2014,6.1387
24-Nov-2014,6.142
25-Nov-2014,6.139
26-Nov-2014,6.1354
1-Dec-2014,6.1369
2-Dec-2014,6.1325
3-Dec-2014,6.1376
4-Dec-2014,6.1411
5-Dec-2014,6.1373
8-Dec-2014,6.1282
9-Dec-2014,6.1231
10-Dec-2014,6.1195
11-Dec-2014,6.1153
12-Dec-2014,6.1184
15-Dec-2014,6.1152
16-Dec-2014,6.1182
17-Dec-2014,6.1137
18-Dec-2014,6.1195
19-Dec-2014,6.1205
22-Dec-2014,6.122
23-Dec-2014,6.123
24-Dec-2014,6.1247
29-Dec-2014,6.1205
30-Dec-2014,6.1224
31-Dec-2014,6.119
5-Jan-2015,6.1248
6-Jan-2015,6.1256
7-Jan-2015,6.1269
8-Jan-2015,6.1302
9-Jan-2015,6.1296
12-Jan-2015,6.1233
13-Jan-2015,6.1195
14-Jan-2015,6.1205
15-Jan-2015,6.1193
16-Jan-2015,6.1188
20-Jan-2015,6.1226
21-Jan-2015,6.1268
22-Jan-2015,6.1247
23-Jan-2015,6.1342
26-Jan-2015,6.1384
27-Jan-2015,6.1364
28-Jan-2015,6.1282
29-Jan-2015,6.1335
30-Jan-2015,6.137
2-Feb-2015,6.1385
3-Feb-2015,6.1369
4-Feb-2015,6.1318
5-Feb-2015,6.1366
6-Feb-2015,6.1261
9-Feb-2015,6.1311
10-Feb-2015,6.1295
11-Feb-2015,6.1315
12-Feb-2015,6.1333
13-Feb-2015,6.1288
24-Feb-2015,6.133
25-Feb-2015,6.1384
26-Feb-2015,6.1379
27-Feb-2015,6.1475
2-Mar-2015,6.1513
3-Mar-2015,6.1543
4-Mar-2015,6.1525
6-Mar-2015,6.1533
9-Mar-2015,6.1563
10-Mar-2015,6.1572
11-Mar-2015,6.1597
12-Mar-2015,6.1617
13-Mar-2015,6.1588
16-Mar-2015,6.1615
17-Mar-2015,6.1585
18-Mar-2015,6.1556
19-Mar-2015,6.146
20-Mar-2015,6.1496
23-Mar-2015,6.1448
24-Mar-2015,6.1398
25-Mar-2015,6.141
26-Mar-2015,6.1375
27-Mar-2015,6.1397
30-Mar-2015,6.1402
31-Mar-2015,6.1422
1-Apr-2015,6.1434
2-Apr-2015,6.1396
3-Apr-2015,6.1348
7-Apr-2015,6.1305
8-Apr-2015,6.1345
9-Apr-2015,6.1338
10-Apr-2015,6.137
13-Apr-2015,6.1395
15-Apr-2015,6.134
16-Apr-2015,6.1305
20-Apr-2015,6.1255
21-Apr-2015,6.128
22-Apr-2015,6.129
23-Apr-2015,6.1281
24-Apr-2015,6.1241
27-Apr-2015,6.122
28-Apr-2015,6.1209
29-Apr-2015,6.1169
30-Apr-2015,6.1137
4-May-2015,6.1165
5-May-2015,6.118
6-May-2015,6.1156
7-May-2015,6.1113
8-May-2015,6.1147
11-May-2015,6.1132
12-May-2015,6.1155
13-May-2015,6.1123
14-May-2015,6.1093
15-May-2015,6.1085
18-May-2015,6.1079
19-May-2015,6.1098
20-May-2015,6.1125
21-May-2015,6.1139
22-May-2015,6.1131
26-May-2015,6.1172
27-May-2015,6.1198
28-May-2015,6.1202
29-May-2015,6.1196
1-Jun-2015,6.1207
2-Jun-2015,6.1225
3-Jun-2015,6.1176
4-Jun-2015,6.1164
5-Jun-2015,6.1181
8-Jun-2015,6.1205
9-Jun-2015,6.1179
10-Jun-2015,6.1173
11-Jun-2015,6.115
12-Jun-2015,6.1167
15-Jun-2015,6.1169
16-Jun-2015,6.1155
17-Jun-2015,6.1158
18-Jun-2015,6.1126
19-Jun-2015,6.1104
23-Jun-2015,6.1119
24-Jun-2015,6.1142
25-Jun-2015,6.1148
26-Jun-2015,6.1137
29-Jun-2015,6.1168
30-Jun-2015,6.1136
1-Jul-2015,6.1149
2-Jul-2015,6.1171
6-Jul-2015,6.1172
7-Jul-2015,6.1166
8-Jul-2015,6.1175
9-Jul-2015,6.1151
10-Jul-2015,6.1153
13-Jul-2015,6.1133
14-Jul-2015,6.1165
15-Jul-2015,6.1152
16-Jul-2015,6.1173
17-Jul-2015,6.1192
20-Jul-2015,6.1197
21-Jul-2015,6.1199
22-Jul-2015,6.1168
23-Jul-2015,6.1172
24-Jul-2015,6.1169
27-Jul-2015,6.1176
28-Jul-2015,6.1154
29-Jul-2015,6.115
30-Jul-2015,6.1165
31-Jul-2015,6.1172
3-Aug-2015,6.1169
4-Aug-2015,6.1177
5-Aug-2015,6.1186
6-Aug-2015,6.1181
7-Aug-2015,6.1174
10-Aug-2015,6.1162
11-Aug-2015,6.2298
12-Aug-2015,6.3306
13-Aug-2015,6.401
14-Aug-2015,6.3975
17-Aug-2015,6.3969
18-Aug-2015,6.3966
19-Aug-2015,6.3963
20-Aug-2015,6.3915
21-Aug-2015,6.3864
24-Aug-2015,6.3862
25-Aug-2015,6.3987
26-Aug-2015,6.4043
27-Aug-2015,6.4085
28-Aug-2015,6.3986
31-Aug-2015,6.3893
1-Sep-2015,6.3752
2-Sep-2015,6.3619
8-Sep-2015,6.3639
9-Sep-2015,6.3632
10-Sep-2015,6.3772
11-Sep-2015,6.3719
14-Sep-2015,6.3709
15-Sep-2015,6.3665
16-Sep-2015,6.3712
17-Sep-2015,6.367
18-Sep-2015,6.3607
21-Sep-2015,6.3676
22-Sep-2015,6.3721
23-Sep-2015,6.3773
24-Sep-2015,6.3791
25-Sep-2015,6.3785
28-Sep-2015,6.3729
29-Sep-2015,6.366
30-Sep-2015,6.3613
8-Oct-2015,6.3505
9-Oct-2015,6.3493
13-Oct-2015,6.3231
14-Oct-2015,6.3408
15-Oct-2015,6.3402
16-Oct-2015,6.3436
19-Oct-2015,6.3527
20-Oct-2015,6.3614
21-Oct-2015,6.3473
22-Oct-2015,6.3497
23-Oct-2015,6.3595
26-Oct-2015,6.3549
27-Oct-2015,6.3494
28-Oct-2015,6.3536
29-Oct-2015,6.3596
30-Oct-2015,6.3495
2-Nov-2015,6.3154
3-Nov-2015,6.331
4-Nov-2015,6.3343
5-Nov-2015,6.3381
6-Nov-2015,6.3459
9-Nov-2015,6.3578
10-Nov-2015,6.3602
11-Nov-2015,6.3614
12-Nov-2015,6.3628
13-Nov-2015,6.3655
16-Nov-2015,6.375
17-Nov-2015,6.374
18-Nov-2015,6.3796
19-Nov-2015,6.3791
20-Nov-2015,6.378
23-Nov-2015,6.3867
24-Nov-2015,6.3888
25-Nov-2015,6.3877
30-Nov-2015,6.3976
1-Dec-2015,6.3986
2-Dec-2015,6.3986
3-Dec-2015,6.3977
4-Dec-2015,6.3981
7-Dec-2015,6.4083
8-Dec-2015,6.4182
9-Dec-2015,6.4248
10-Dec-2015,6.4367
11-Dec-2015,6.4551
14-Dec-2015,6.4583
15-Dec-2015,6.4611
16-Dec-2015,6.4706
17-Dec-2015,6.482
18-Dec-2015,6.4813
21-Dec-2015,6.4809
22-Dec-2015,6.4783
23-Dec-2015,6.4765
24-Dec-2015,6.4783
28-Dec-2015,6.4869
29-Dec-2015,6.4874
30-Dec-2015,6.4902
31-Dec-2015,6.4915
4-Jan-2016,6.5126
5-Jan-2016,6.5196
6-Jan-2016,6.5523
7-Jan-2016,6.5937
8-Jan-2016,6.5888
11-Jan-2016,6.5848
12-Jan-2016,6.5766
13-Jan-2016,6.5769
14-Jan-2016,6.5883
15-Jan-2016,6.587
19-Jan-2016,6.5795
20-Jan-2016,6.5793
21-Jan-2016,6.5794
22-Jan-2016,6.5796
25-Jan-2016,6.5792
26-Jan-2016,6.5797
27-Jan-2016,6.5795
28-Jan-2016,6.5758
29-Jan-2016,6.5763
1-Feb-2016,6.5785
2-Feb-2016,6.5795
3-Feb-2016,6.5791
4-Feb-2016,6.578
5-Feb-2016,6.5696
16-Feb-2016,6.5118
17-Feb-2016,6.5254
18-Feb-2016,6.5185
19-Feb-2016,6.5201
22-Feb-2016,6.5193
23-Feb-2016,6.528
24-Feb-2016,6.5325
25-Feb-2016,6.5339
26-Feb-2016,6.5369
29-Feb-2016,6.5476
1-Mar-2016,6.5432
2-Mar-2016,6.5519
3-Mar-2016,6.5438
4-Mar-2016,6.524
7-Mar-2016,6.5149
8-Mar-2016,6.5043
9-Mar-2016,6.5147
10-Mar-2016,6.5158
11-Mar-2016,6.495
14-Mar-2016,6.495
15-Mar-2016,6.5092
16-Mar-2016,6.5213
17-Mar-2016,6.4958
18-Mar-2016,6.4699
21-Mar-2016,6.486
22-Mar-2016,6.4882
23-Mar-2016,6.4959
24-Mar-2016,6.5118
25-Mar-2016,6.5164
28-Mar-2016,6.5127
29-Mar-2016,6.511
30-Mar-2016,6.475
31-Mar-2016,6.4673
1-Apr-2016,6.4644
5-Apr-2016,6.4727
6-Apr-2016,6.4774
7-Apr-2016,6.4706
8-Apr-2016,6.478
11-Apr-2016,6.471
12-Apr-2016,6.4647
13-Apr-2016,6.4666
14-Apr-2016,6.4869
15-Apr-2016,6.4838
18-Apr-2016,6.4789
19-Apr-2016,6.4723
20-Apr-2016,6.4672
21-Apr-2016,6.4763
22-Apr-2016,6.4926
25-Apr-2016,6.5013
26-Apr-2016,6.4925
27-Apr-2016,6.4908
28-Apr-2016,6.4821
29-Apr-2016,6.4846
3-May-2016,6.4727
4-May-2016,6.4957
5-May-2016,6.5043
6-May-2016,6.5042
9-May-2016,6.5077
10-May-2016,6.5175
11-May-2016,6.5136
12-May-2016,6.51
13-May-2016,6.5192
16-May-2016,6.5235
17-May-2016,6.5201
18-May-2016,6.5326
19-May-2016,6.5411
20-May-2016,6.5443
23-May-2016,6.5502
24-May-2016,6.5544
25-May-2016,6.5592
26-May-2016,6.5601
27-May-2016,6.5613
31-May-2016,6.5847
1-Jun-2016,6.5894
2-Jun-2016,6.5779
3-Jun-2016,6.5852
6-Jun-2016,6.5652
7-Jun-2016,6.572
8-Jun-2016,6.5704
13-Jun-2016,6.5842
14-Jun-2016,6.5902
15-Jun-2016,6.5893
16-Jun-2016,6.584
17-Jun-2016,6.5885
20-Jun-2016,6.5813
21-Jun-2016,6.5766
22-Jun-2016,6.5832
23-Jun-2016,6.5827
24-Jun-2016,6.606
27-Jun-2016,6.6405
28-Jun-2016,6.6521
29-Jun-2016,6.6521
30-Jun-2016,6.6445
1-Jul-2016,6.6581
5-Jul-2016,6.6687
6-Jul-2016,6.6891
7-Jul-2016,6.6849
8-Jul-2016,6.688
11-Jul-2016,6.6882
12-Jul-2016,6.6887
13-Jul-2016,6.6911
14-Jul-2016,6.6879
15-Jul-2016,6.6828
18-Jul-2016,6.6988
19-Jul-2016,6.6921
20-Jul-2016,6.6839
21-Jul-2016,6.673
22-Jul-2016,6.6682
25-Jul-2016,6.679
26-Jul-2016,6.6765
27-Jul-2016,6.6685
28-Jul-2016,6.6574
29-Jul-2016,6.6532
1-Aug-2016,6.6379
2-Aug-2016,6.6414
3-Aug-2016,6.629
4-Aug-2016,6.6383
5-Aug-2016,6.6431
8-Aug-2016,6.6609
9-Aug-2016,6.6622
10-Aug-2016,6.6476
11-Aug-2016,6.6416
12-Aug-2016,6.6442
15-Aug-2016,6.6405
16-Aug-2016,6.629
17-Aug-2016,6.631
18-Aug-2016,6.6276
19-Aug-2016,6.6465
22-Aug-2016,6.6585
23-Aug-2016,6.6418
24-Aug-2016,6.6537
25-Aug-2016,6.6547
26-Aug-2016,6.6649
29-Aug-2016,6.6782
30-Aug-2016,6.6793
31-Aug-2016,6.6788
1-Sep-2016,6.6801
2-Sep-2016,6.6797
6-Sep-2016,6.6804
7-Sep-2016,6.6646
8-Sep-2016,6.6634
9-Sep-2016,6.6795
12-Sep-2016,6.6797
13-Sep-2016,6.6797
14-Sep-2016,6.6716
19-Sep-2016,6.6692
20-Sep-2016,6.6708
21-Sep-2016,6.6716
22-Sep-2016,6.6699
23-Sep-2016,6.6698
26-Sep-2016,6.6706
27-Sep-2016,6.6676
28-Sep-2016,6.6707
29-Sep-2016,6.6708
30-Sep-2016,6.6704
11-Oct-2016,6.7145
12-Oct-2016,6.7154
13-Oct-2016,6.726
14-Oct-2016,6.7249
17-Oct-2016,6.739
18-Oct-2016,6.739
19-Oct-2016,6.7395
20-Oct-2016,6.7396
21-Oct-2016,6.7572
24-Oct-2016,6.7687
25-Oct-2016,6.7772
26-Oct-2016,6.7682
27-Oct-2016,6.7777
28-Oct-2016,6.7796
31-Oct-2016,6.7699
1-Nov-2016,6.775
2-Nov-2016,6.7642
3-Nov-2016,6.7593
4-Nov-2016,6.7618
7-Nov-2016,6.7752
8-Nov-2016,6.777
9-Nov-2016,6.7725
10-Nov-2016,6.7919
11-Nov-2016,6.8148
14-Nov-2016,6.835
15-Nov-2016,6.8559
16-Nov-2016,6.8702
17-Nov-2016,6.8685
18-Nov-2016,6.8907
21-Nov-2016,6.8962
22-Nov-2016,6.8901
23-Nov-2016,6.8934
28-Nov-2016,6.903
29-Nov-2016,6.8916
30-Nov-2016,6.8858
1-Dec-2016,6.8941
2-Dec-2016,6.8791
5-Dec-2016,6.8886
6-Dec-2016,6.8752
7-Dec-2016,6.8907
8-Dec-2016,6.8802
9-Dec-2016,6.9
12-Dec-2016,6.9138
13-Dec-2016,6.9005
14-Dec-2016,6.9045
15-Dec-2016,6.9347
16-Dec-2016,6.9488
19-Dec-2016,6.9456
20-Dec-2016,6.9507
21-Dec-2016,6.9499
22-Dec-2016,6.9466
23-Dec-2016,6.9496
27-Dec-2016,6.9498
28-Dec-2016,6.9548
29-Dec-2016,6.9544
30-Dec-2016,6.9498
3-Jan-2017,6.9552
4-Jan-2017,6.9541
5-Jan-2017,6.8778
6-Jan-2017,6.9225
9-Jan-2017,6.9333
10-Jan-2017,6.9259
11-Jan-2017,6.9264
12-Jan-2017,6.9105
13-Jan-2017,6.8931
17-Jan-2017,6.8807
18-Jan-2017,6.8451
19-Jan-2017,6.8707
23-Jan-2017,6.8575
24-Jan-2017,6.8557
25-Jan-2017,6.8787
26-Jan-2017,6.8803
3-Feb-2017,6.8697
6-Feb-2017,6.8637
7-Feb-2017,6.8765
8-Feb-2017,6.8842
9-Feb-2017,6.8635
10-Feb-2017,6.8799
13-Feb-2017,6.8797
14-Feb-2017,6.8717
15-Feb-2017,6.8682
16-Feb-2017,6.8618
17-Feb-2017,6.8706
21-Feb-2017,6.8855
22-Feb-2017,6.8784
23-Feb-2017,6.8758
24-Feb-2017,6.8704
27-Feb-2017,6.8733
28-Feb-2017,6.8692
1-Mar-2017,6.8792
2-Mar-2017,6.8823
3-Mar-2017,6.903
6-Mar-2017,6.8967
7-Mar-2017,6.8995
8-Mar-2017,6.9041
9-Mar-2017,6.9134
10-Mar-2017,6.9169
13-Mar-2017,6.9062
14-Mar-2017,6.9194
15-Mar-2017,6.911
16-Mar-2017,6.8935
17-Mar-2017,6.9073
20-Mar-2017,6.905
21-Mar-2017,6.8982
22-Mar-2017,6.8856
23-Mar-2017,6.8879
24-Mar-2017,6.8937
27-Mar-2017,6.8752
28-Mar-2017,6.8846
29-Mar-2017,6.8899
30-Mar-2017,6.8928
31-Mar-2017,6.891
5-Apr-2017,6.8946
6-Apr-2017,6.8972
7-Apr-2017,6.899
10-Apr-2017,6.908
11-Apr-2017,6.9023
12-Apr-2017,6.8928
13-Apr-2017,6.8846
14-Apr-2017,6.8866
17-Apr-2017,6.8869
18-Apr-2017,6.8887
19-Apr-2017,6.8862
20-Apr-2017,6.8857
21-Apr-2017,6.8813
24-Apr-2017,6.8861
25-Apr-2017,6.8865
26-Apr-2017,6.8898
27-Apr-2017,6.8944
28-Apr-2017,6.8977
2-May-2017,6.8973
3-May-2017,6.8936
4-May-2017,6.8964
5-May-2017,6.8986
8-May-2017,6.9034
9-May-2017,6.9065
10-May-2017,6.9035
11-May-2017,6.9032
12-May-2017,6.9034
15-May-2017,6.898
16-May-2017,6.8934
17-May-2017,6.889
18-May-2017,6.8925
19-May-2017,6.8921
22-May-2017,6.8905
23-May-2017,6.8905
24-May-2017,6.8902
25-May-2017,6.8693
26-May-2017,6.857
31-May-2017,6.8289
1-Jun-2017,6.8002
2-Jun-2017,6.8166
5-Jun-2017,6.8028
6-Jun-2017,6.7962
7-Jun-2017,6.7936
8-Jun-2017,6.794
9-Jun-2017,6.7979
12-Jun-2017,6.7972
13-Jun-2017,6.7972
14-Jun-2017,6.7975
15-Jun-2017,6.7956
16-Jun-2017,6.812
19-Jun-2017,6.8177
20-Jun-2017,6.8321
21-Jun-2017,6.8287
22-Jun-2017,6.8308
23-Jun-2017,6.84
26-Jun-2017,6.838
27-Jun-2017,6.8277
28-Jun-2017,6.7992
29-Jun-2017,6.7789
30-Jun-2017,6.782
3-Jul-2017,6.7881
5-Jul-2017,6.7975
6-Jul-2017,6.804
7-Jul-2017,6.7995
10-Jul-2017,6.8027
11-Jul-2017,6.8002
12-Jul-2017,6.7887
13-Jul-2017,6.7807
14-Jul-2017,6.7814
17-Jul-2017,6.7747
18-Jul-2017,6.7582
19-Jul-2017,6.7566
20-Jul-2017,6.766
21-Jul-2017,6.767
24-Jul-2017,6.752
25-Jul-2017,6.7512
26-Jul-2017,6.7563
27-Jul-2017,6.7357
28-Jul-2017,6.7426
31-Jul-2017,6.7265
1-Aug-2017,6.7189
2-Aug-2017,6.7248
3-Aug-2017,6.7236
4-Aug-2017,6.7172
7-Aug-2017,6.7172
8-Aug-2017,6.7056
9-Aug-2017,6.6792
10-Aug-2017,6.6593
11-Aug-2017,6.6673
14-Aug-2017,6.6648
15-Aug-2017,6.6767
16-Aug-2017,6.695
17-Aug-2017,6.6685
18-Aug-2017,6.6804
21-Aug-2017,6.6707
22-Aug-2017,6.6549
23-Aug-2017,6.6621
24-Aug-2017,6.6614
25-Aug-2017,6.6646
28-Aug-2017,6.6408
29-Aug-2017,6.6014
30-Aug-2017,6.5822
31-Aug-2017,6.5957
1-Sep-2017,6.5769
5-Sep-2017,6.5465
6-Sep-2017,6.523
7-Sep-2017,6.4935
8-Sep-2017,6.4483
11-Sep-2017,6.5131
12-Sep-2017,6.534
13-Sep-2017,6.5284
14-Sep-2017,6.549
15-Sep-2017,6.5488
18-Sep-2017,6.5565
19-Sep-2017,6.5855
20-Sep-2017,6.5731
21-Sep-2017,6.5969
22-Sep-2017,6.5923
25-Sep-2017,6.6141
26-Sep-2017,6.6311
27-Sep-2017,6.6378
28-Sep-2017,6.672
29-Sep-2017,6.6481
10-Oct-2017,6.5942
11-Oct-2017,6.5783
12-Oct-2017,6.5852
13-Oct-2017,6.5864
16-Oct-2017,6.5858
17-Oct-2017,6.6135
18-Oct-2017,6.6231
19-Oct-2017,6.6204
20-Oct-2017,6.6157
23-Oct-2017,6.6361
24-Oct-2017,6.6364
25-Oct-2017,6.6427
26-Oct-2017,6.6324
27-Oct-2017,6.6515
30-Oct-2017,6.6502
31-Oct-2017,6.6285
1-Nov-2017,6.6154
2-Nov-2017,6.6026
3-Nov-2017,6.6246
6-Nov-2017,6.6358
7-Nov-2017,6.6319
8-Nov-2017,6.6373
9-Nov-2017,6.6341
10-Nov-2017,6.6449
13-Nov-2017,6.6456
14-Nov-2017,6.6402
15-Nov-2017,6.6339
16-Nov-2017,6.636
17-Nov-2017,6.6339
20-Nov-2017,6.6337
21-Nov-2017,6.6363
22-Nov-2017,6.6153
27-Nov-2017,6.6005
28-Nov-2017,6.602
29-Nov-2017,6.5964
30-Nov-2017,6.6073
1-Dec-2017,6.6075
4-Dec-2017,6.618
5-Dec-2017,6.6129
6-Dec-2017,6.6132
7-Dec-2017,6.6161
8-Dec-2017,6.6162
11-Dec-2017,6.617
12-Dec-2017,6.6221
13-Dec-2017,6.6206
14-Dec-2017,6.6108
15-Dec-2017,6.6069
18-Dec-2017,6.6131
19-Dec-2017,6.6121
20-Dec-2017,6.5851
21-Dec-2017,6.5815
22-Dec-2017,6.5764
26-Dec-2017,6.5433
27-Dec-2017,6.5554
28-Dec-2017,6.5312
29-Dec-2017,6.5116
